{"main camera":[{"name":"main camera","pitch":0.13094393908977509,"pos-x":-32.116878509521484,"pos-y":21.478763580322266,"pos-z":0.06176786869764328,"proj-farZ":178.60000610351563,"proj-height":0.5625,"proj-nearZ":0.5,"proj-width":1.0,"yaw":1.689190149307251}]}