{"Sun":[{"ambient-b":0.16657654941082,"ambient-g":0.19331945478916168,"ambient-r":0.20465117692947388,"att-const":0.11999999731779099,"att-lin":0.02810000069439411,"att-quad":0.0013986099511384964,"diffuse-b":0.669767439365387,"diffuse-g":0.8264357447624207,"diffuse-intensity":2.0,"diffuse-r":1.0,"pos-x":-39.720298767089844,"pos-y":44.19580078125,"pos-z":1.6783000230789185}]}