{"Sun":[{"ambient-b":0.037208959460258484,"ambient-g":0.037208959460258484,"ambient-r":0.03720933198928833,"att-const":1.090000033378601,"att-lin":0.0560000017285347,"att-quad":0.0013986099511384964,"diffuse-b":0.5720930099487305,"diffuse-g":0.859911322593689,"diffuse-intensity":2.0,"diffuse-r":1.0,"pos-x":-2.7971999645233154,"pos-y":22.93709945678711,"pos-z":1.6783000230789185}]}